{
  "model_name": "best_cat",
  "model_family": "CatBoost",
  "best_params": {
    "iterations": 900,
    "depth": 10,
    "learning_rate": 0.014615433327622582,
    "l2_leaf_reg": 1.3968204609425094,
    "random_strength": 1.4679910020047704,
    "bagging_temperature": 1.8442273385650794,
    "border_count": 72
  },
  "best_cv_pr_auc": 0.5721489556764782,
  "best_threshold": 0.20500000000000002,
  "best_oof_f1": 0.5289855072463769,
  "imbalance_method_run": "class_weight",
  "catboost_input_mode": "ohe",
  "catboost_cat_features_final": null,
  "tree_scaler_mode": "none",
  "preprocessor_source": "preprocessor_tree",
  "ranking_k_list": [
    5,
    10,
    20
  ],
  "percent_cutoff_list": [
    5,
    10
  ],
  "numeric_features": [
    "Size",
    "Zeta Potential",
    "Admin"
  ],
  "categorical_features": [
    "Type",
    "MAT",
    "TS",
    "CT",
    "TM",
    "Shape"
  ],
  "base_features": [
    "Type",
    "MAT",
    "TS",
    "CT",
    "TM",
    "Shape",
    "Size",
    "Zeta Potential",
    "Admin"
  ],
  "thr_from_prep": 1.772790179,
  "oof_metrics": {
    "PR-AUC": 0.507388906181942,
    "ROC-AUC": 0.7392407984308296,
    "Precision@5": 0.8,
    "Recall@5": 0.037037037037037035,
    "EF@5": 3.1777777777777776,
    "Precision@10": 0.7,
    "Recall@10": 0.06481481481481481,
    "EF@10": 2.780555555555555,
    "Precision@20": 0.7,
    "Recall@20": 0.12962962962962962,
    "EF@20": 2.780555555555555,
    "EF5%": 2.708333333333333,
    "EF10%": 2.678940568475452,
    "Precision": 0.43452380952380953,
    "Recall": 0.6759259259259259,
    "F1": 0.5289855072463769
  },
  "test_metrics": {
    "PR-AUC": 0.8447458931797567,
    "ROC-AUC": 0.9182222222222223,
    "Precision@5": 1.0,
    "Recall@5": 0.16666666666666666,
    "EF@5": 3.5,
    "Precision@10": 1.0,
    "Recall@10": 0.3333333333333333,
    "EF@10": 3.5,
    "Precision@20": 0.85,
    "Recall@20": 0.5666666666666667,
    "EF@20": 2.975,
    "EF5%": 3.5,
    "EF10%": 3.181818181818182,
    "Precision": 0.6136363636363636,
    "Recall": 0.9,
    "F1": 0.7297297297297297
  },
  "cv_summary": {
    "PR-AUC": {
      "mean": 0.5535785323217456,
      "std": 0.13885996067459805
    },
    "ROC-AUC": {
      "mean": 0.7496735094380896,
      "std": 0.08605155048981622
    },
    "Precision@5": {
      "mean": 0.76,
      "std": 0.16733200530681513
    },
    "Recall@5": {
      "mean": 0.1768512272041684,
      "std": 0.029408311270049496
    },
    "EF@5": {
      "mean": 3.028786178527355,
      "std": 0.45120596608025015
    },
    "Precision@10": {
      "mean": 0.7000000000000001,
      "std": 0.15811388300841897
    },
    "Recall@10": {
      "mean": 0.3279579505461859,
      "std": 0.06997785309336281
    },
    "EF@10": {
      "mean": 2.8068453585630055,
      "std": 0.5640279738897604
    },
    "Precision@20": {
      "mean": 0.5,
      "std": 0.1695582495781317
    },
    "Recall@20": {
      "mean": 0.4573512500571324,
      "std": 0.10602109545184936
    },
    "EF@20": {
      "mean": 1.953287727958316,
      "std": 0.404813168770485
    },
    "EF5%": {
      "mean": 3.028786178527355,
      "std": 0.45120596608025015
    },
    "EF10%": {
      "mean": 2.855676402029343,
      "std": 0.4356081024170051
    },
    "Precision": {
      "mean": 0.44124112749112754,
      "std": 0.10327193390334329
    },
    "Recall": {
      "mean": 0.6835572009689657,
      "std": 0.07861600775657725
    },
    "F1": {
      "mean": 0.5301786288285807,
      "std": 0.08079268614973391
    }
  }
}