feature,n,q_low,q_high,lower,median,upper,mean,min,max,recommended_window
Size,20,0.25,0.75,0.886,1.135,1.6280000000000001,1.3432499999999998,0.699,2.511,0.886 – 1.628
Zeta Potential,20,0.25,0.75,-6.75,-2.82,0.85275,-2.4453000000000005,-23.7,16.4,-6.75 – 0.8528
Admin,20,0.25,0.75,0.363,1.0,5.8225,18.698749999999997,0.04,140.0,0.363 – 5.8225
