feature,topk_n,all_n,topk_mean,topk_med,topk_q10,topk_q90,all_mean,all_med,all_q10,all_q90
Size,200,46136,1.5643950000000002,1.5105,0.8219000000000001,2.346,1.8554939526616956,2.013,0.903,2.353
Zeta Potential,200,46136,-7.81968,-9.6,-23.5,16.31,-7.738981207733657,-6.7,-24.2,16.3
Admin,200,46136,21.855155,1.0,0.15,84.615,19.0959962718918,6.0,0.661,50.0
