model_name,PR-AUC,ROC-AUC,Precision,Recall,F1,Precision@K,Recall@K,EF@K,K_used_for_compact_metrics,EF5%,EF10%
best_cat,0.8447458931797567,0.9182222222222223,0.6136363636363636,0.9,0.7297297297297297,1.0,0.16666666666666666,3.5,5,3.5,3.181818181818182
