model_name,PR-AUC,ROC-AUC,Precision,Recall,F1,Precision@K,Recall@K,EF@K,K_used_for_compact_metrics,EF5%,EF10%
best_cat,0.507388906181942,0.7392407984308296,0.43452380952380953,0.6759259259259259,0.5289855072463769,0.8,0.037037037037037035,3.1777777777777776,5,2.708333333333333,2.678940568475452
